<?xml version="1.0" encoding="UTF-8"?>

<mule xmlns:tracking="http://www.mulesoft.org/schema/mule/ee/tracking" xmlns="http://www.mulesoft.org/schema/mule/core" xmlns:http="http://www.mulesoft.org/schema/mule/http" xmlns:doc="http://www.mulesoft.org/schema/mule/documentation" xmlns:spring="http://www.springframework.org/schema/beans" xmlns:core="http://www.mulesoft.org/schema/mule/core" xmlns:xsi="http://www.w3.org/2001/XMLSchema-instance" xsi:schemaLocation="http://www.mulesoft.org/schema/mule/http http://www.mulesoft.org/schema/mule/http/current/mule-http.xsd
http://www.springframework.org/schema/beans http://www.springframework.org/schema/beans/spring-beans-current.xsd
http://www.mulesoft.org/schema/mule/core http://www.mulesoft.org/schema/mule/core/current/mule.xsd
http://www.mulesoft.org/schema/mule/ee/tracking http://www.mulesoft.org/schema/mule/ee/tracking/current/mule-tracking-ee.xsd">
    <http:listener-config name="HTTP_Listener_call_ESB" host="${esb-location}" port="${esb-port}" basePath="${esb-basepath}" doc:name="HTTP Listener Configuration"/>
    <http:request-config name="HTTP_Request_call_Webservice" host="${service-location}" port="${service-port}" basePath="${service-basepath}" doc:name="HTTP Request Configuration"/>
    <flow name="esb_call_rest_moviedbFlow">
        <http:listener config-ref="HTTP_Listener_call_ESB" path="/" doc:name="HTTP" doc:description="http://localhost:8088/moviedb?service=GetMovieDescription&amp;param=Fight+Club 
http://localhost:8088/moviedb?service=GetListOfMovies "/>

        <set-variable variableName="startzeit" value="#[server.nanoTime()]" doc:name="Set Variable startzeit"/>
        <set-variable variableName="job-id" value="#[flowVars.startzeit]*#[server.dateTime]" doc:name="Set Variable job-id"/>
        <logger message=" #[flowVars.'job-id'] *** ESB-Verarbeitung gestartet" level="INFO" doc:name="Logger job-id"/>        <logger message=" #[flowVars.'job-id'] *** HTTP-PARAMS: #[message.inboundProperties.'http.query.params'] +++ ESB: http://${esb-location}:${esb-port}${esb-basepath} +++ WEBSERVICE: http://${service-location}:${service-port}/${service-basepath} +++" level="INFO" doc:name="Logger HTTP-PARAMS, ESB-Infos"/>
        <logger message=" #[flowVars.'job-id'] *** message.inboundProperties: #[message.inboundProperties]" level="INFO" doc:name="Logger inboundProperties"/>
        <set-variable variableName="service" value="#[message.inboundProperties.'http.query.params'.service]" doc:name="Set Variable service"/>
        <response>
            <set-variable variableName="endezeit" value="#[server.nanoTime()]" doc:name="Set Variable endezeit"/>
            <logger message=" #[flowVars.'job-id'] *** Startzeit:  #[flowVars.startzeit] *** Endezeit: #[flowVars.'endezeit'] " level="INFO" doc:name="Logger Verarbeitungszeit"/>
            <logger message=" #[flowVars.'job-id'] *** ESB-Verarbeitung beendet" level="INFO" doc:name="Logger Verarbeitungsende"/>
        </response>
        <set-variable variableName="param" value="#[message.inboundProperties.'http.query.params'.param]" doc:name="Set Variable param"/>
        <response>
            <choice doc:name="Choice">
                <when expression="#[flowVars.service == 'GetListOfMovies']">
                    <logger message=" #[flowVars.'job-id'] *** LIST *** START WEBSERVICE: http://${service-location}:${service-port}/${service-basepath}/#[flowVars.service]" level="INFO" doc:name="Logger GetListOfMovies"/>
                    <http:request config-ref="HTTP_Request_call_Webservice" path="GetListOfMovies" method="GET" doc:name="HTTP"/>
                    <logger message=" #[flowVars.'job-id'] *** LIST *** END WEBSERVICE: http://${service-location}:${service-port}/${service-basepath}/#[flowVars.service]" level="INFO" doc:name="Copy_of_Logger GetListOfMovies"/>
                    <byte-array-to-string-transformer mimeType="application/json" doc:name="Byte Array to String"/>
                    <set-payload value="LISTE ALLER FILME:  #[payload] " doc:name="Set Payload GetListOfMovies"/>
                </when>
                <when expression="#[flowVars.service == 'GetMovieDescription']">
                    <logger message=" #[flowVars.'job-id'] *** DESCRIPTION **** START WEBSERVICE: http://${service-location}:${service-port}/${service-basepath}/#[flowVars.service]?MovieName=#[flowVars.param]" level="INFO" doc:name="Logger GetMovieDesciption"/>
                    <http:request config-ref="HTTP_Request_call_Webservice" path="GetMovieDesription" method="GET" doc:name="HTTP">
                        <http:request-builder>
                            <http:query-param paramName="MovieName" value="#[flowVars.param]"/>
                        </http:request-builder>
                    </http:request>
                    <logger message=" #[flowVars.'job-id'] *** DESCRIPTION **** END WEBSERVICE: http://${service-location}:${service-port}/${service-basepath}/#[flowVars.service]?MovieName=#[flowVars.param]" level="INFO" doc:name="Copy_of_Logger GetMovieDesciption"/>
                    <byte-array-to-string-transformer mimeType="application/json" doc:name="Byte Array to String"/>
                    <set-payload value="FILM-DETAILS:  #[payload] " doc:name="Set Payload GetMovieDesription"/>
                </when>
                <otherwise>
                    <logger message=" #[flowVars.'job-id'] *** DEFAULT *** KEIN WEBSERVICE *** angeforderter Service: #[flowVars.service] / Parameter: #[flowVars.param]" level="INFO" doc:name="Logger Default"/>
                    <set-payload value="KEINE GUELTIGEN WERTE!!  Service: #[flowVars.service] / Parameter: #[flowVars.param]" doc:name="Set Payload Default"/>
                </otherwise>
            </choice>
        </response>
        <catch-exception-strategy doc:name="Catch Exception Strategy">
            <logger message=" #[flowVars.'job-id'] ***  Es ist ein schwerer Fehler aufgetreten!!! *** Verarbeitung bricht ab, bitte Log pr&#252;fen  ***" level="INFO" doc:name="Logger Exception"/>
            <set-payload value="ES IST EIN FEHLER AUFGETRETEN BEI DER VERARBEITUNG VON JOB-ID:  #[flowVars.'job-id'] " doc:name="Set Payload"/>
        </catch-exception-strategy>
    </flow>
</mule>
