<?xml version="1.0" encoding="UTF-8"?>

<mule xmlns:tracking="http://www.mulesoft.org/schema/mule/ee/tracking" xmlns:amqp="http://www.mulesoft.org/schema/mule/amqp" xmlns:http="http://www.mulesoft.org/schema/mule/http" xmlns="http://www.mulesoft.org/schema/mule/core" xmlns:doc="http://www.mulesoft.org/schema/mule/documentation"
	xmlns:spring="http://www.springframework.org/schema/beans" 
	xmlns:xsi="http://www.w3.org/2001/XMLSchema-instance"
	xsi:schemaLocation="http://www.mulesoft.org/schema/mule/http http://www.mulesoft.org/schema/mule/http/current/mule-http.xsd
http://www.mulesoft.org/schema/mule/amqp http://www.mulesoft.org/schema/mule/amqp/current/mule-amqp.xsd
http://www.springframework.org/schema/beans http://www.springframework.org/schema/beans/spring-beans-current.xsd
http://www.mulesoft.org/schema/mule/core http://www.mulesoft.org/schema/mule/core/current/mule.xsd
http://www.mulesoft.org/schema/mule/ee/tracking http://www.mulesoft.org/schema/mule/ee/tracking/current/mule-tracking-ee.xsd">
    <http:listener-config name="HTTP_Listener_call_Publisher" host="0.0.0.0" port="${esb-port}" basePath="${esb-basepath}" doc:name="HTTP Listener Configuration"/>
    <byte-array-to-string-transformer name="Byte_Array_to_String" doc:name="Byte Array to String"/>
    <amqp:connector name="AMQP_0_9_Connector" validateConnections="true" host="${rabbitmq-host}" port="${rabbitmq-port}" username="${rabbitmq-user}" password="${rabbitmq-password}" doc:name="AMQP-0-9 Connector"/>
    <flow name="esb_rabbitmq_publishFlow">
        <http:listener config-ref="HTTP_Listener_call_Publisher" path="/" doc:name="HTTP" doc:description="http://localhost:8089/pub?queue=xxx&amp;msg=Test+30.11.2015+xxx2
http://localhost:8089/pub?queue=log&amp;msg=Test+30.11.2015+log2
http://localhost:8089/pub?queue=test&amp;msg=Test+30.11.2015+test2
http://localhost:8089/pub?queue=movies&amp;msg=Test+30.11.2015+movies2"/>
        <set-variable variableName="startzeit" value="#[server.nanoTime()]" doc:name="Set Variable startzeit"/>
        <set-variable variableName="job-id" value="#[flowVars.startzeit]*#[server.dateTime]" doc:name="Set Variable job-id"/>
        <response>
            <set-variable variableName="endezeit" value="#[server.nanoTime()]" doc:name="Set Variable endezeit"/>
            <logger message=" #[flowVars.'job-id'] *** Startzeit:  #[flowVars.startzeit] *** Endezeit: #[flowVars.'endezeit'] " level="INFO" doc:name="Logger verarbeitungszeit"/>
            <logger message=" #[flowVars.'job-id'] *** ESB-Verarbeitung beendet" level="INFO" doc:name="Logger Verarbeitungsende"/>
        </response>
        <logger message=" #[flowVars.'job-id'] *** ESB-Verarbeitung gestartet" level="INFO" doc:name="Logger job-id"/>
        <set-variable variableName="msg" value="#[message.inboundProperties.'http.query.params'.msg]" doc:name="Set Variable msg"/>
        <response>
            <set-payload value=" #[flowVars.'job-id'] *** Der Wert &quot;#[flowVars.msg]&quot; wurde an rabbitMQ (http://${rabbitmq-host}:${rabbitmq-port}) uebergeben!" doc:name="Set Payload HTTP"/>
        </response>
        <set-variable variableName="queue" value="#[message.inboundProperties.'http.query.params'.queue]" doc:name="Set Variable queue"/>
        <logger message=" #[flowVars.'job-id'] *** HTTP-PARAMS: #[message.inboundProperties.'http.query.params'] +++ ESB: http://${esb-location}:${esb-port}${esb-basepath} +++ RABBITMQ: http://${rabbitmq-host}:${rabbitmq-port} mit Standardqueue ${allmsg-queue} +++" level="INFO" doc:name="Logger HTTP-PARAMS, ESB-Infos, rabbitMQ"/>
        <set-payload value="#[flowVars.msg]" doc:name="Set Payload MSG"/>
        <choice tracking:enable-default-events="true" doc:name="Choice">
            <when expression="#[flowVars.queue=='movies']">
                <logger message=" #[flowVars.'job-id'] *** MOVIES +++  PUBLISH to  #[flowVars.queue] +++ Nachricht an rabbitMQ (http://${rabbitmq-host}:${rabbitmq-port} /amq.direct.${movies-queue} mit RoutingKey &quot;${movies-routingkey}&quot;) uebergeben!" level="INFO" doc:name="Logger MOVIES"/>
                <amqp:outbound-endpoint responseTimeout="10000" exchange-pattern="request-response" connector-ref="AMQP_0_9_Connector"  transformer-refs="Byte_Array_to_String" doc:name="AMQP pub MSG to movies" consumerTag="${movies-consumertag}" exchangeName="${movies-exchange}" queueName="${movies-queue}" routingKey="${movies-routingkey}"/>
            </when>
            <when expression="#[flowVars.queue=='log']">
                <logger message=" #[flowVars.'job-id'] *** LOG +++  PUBLISH to  #[flowVars.queue] +++ Nachricht an rabbitMQ (http://${rabbitmq-host}:${rabbitmq-port} /amq.direct.${log-queue} mit RoutingKey &quot;${log-routingkey}&quot;) uebergeben!" level="INFO" doc:name="Logger LOG"/>
                <amqp:outbound-endpoint responseTimeout="10000" exchange-pattern="request-response" connector-ref="AMQP_0_9_Connector"  transformer-refs="Byte_Array_to_String" doc:name="AMQP pub MSG to log" consumerTag="${log-consumertag}" exchangeName="${log-exchange}" queueName="${log-queue}" routingKey="${log-routingkey}"/>
            </when>
            <when expression="#[flowVars.queue=='test']">
                <logger message=" #[flowVars.'job-id'] *** LOG +++  PUBLISH to  #[flowVars.queue] +++ Nachricht an rabbitMQ (http://${rabbitmq-host}:${rabbitmq-port} /amq.topic.${test-queue} mit RoutingKey &quot;${test-routingkey}&quot;) uebergeben!" level="INFO" doc:name="Logger TEST"/>
                <amqp:outbound-endpoint responseTimeout="10000" exchange-pattern="request-response" connector-ref="AMQP_0_9_Connector"  transformer-refs="Byte_Array_to_String" doc:name="AMQP pub MSG to test" consumerTag="${test-consumertag}" exchangeName="${test-exchange}" queueName="${test-queue}" routingKey="${test-routingkey}"/>
            </when>
            <otherwise>
                <logger message=" #[flowVars.'job-id'] *** DEFAULT *** FALSCHE PARAMETER +++  PUBLISH to  #[flowVars.queue] +++ Nachricht an rabbitMQ (http://${rabbitmq-host}:${rabbitmq-port} / ${allmsg-queue} ) uebergeben!" level="INFO" doc:name="Logger DEFAULT"/>
            </otherwise>
        </choice>
        <set-payload value="#[flowVars.msg]" doc:name="Set Payload MSG"/>
        <amqp:outbound-endpoint exchangeName="${allmsg-exchange}" queueName="${allmsg-queue}" consumerTag="${allmsg-consumertag}" responseTimeout="10000" exchange-pattern="request-response" connector-ref="AMQP_0_9_Connector" transformer-refs="Byte_Array_to_String" doc:name="AMQP pub MSG to &quot;All Messages&quot;"/>
        <catch-exception-strategy doc:name="Catch Exception Strategy">
            <logger message=" #[flowVars.'job-id'] ***  Es ist ein schwerer Fehler aufgetreten!!! *** Verarbeitung bricht ab, bitte Log pr&#252;fen  ***" level="INFO" doc:name="Logger Exception"/>
            <set-payload value="ES IST EIN FEHLER AUFGETRETEN BEI DER VERARBEITUNG VON JOB-ID:  #[flowVars.'job-id'] " doc:name="Set Payload"/>
        </catch-exception-strategy>
    </flow>
</mule>
